arm,checkpoint_sha256,training_seed,evaluation_seed,users,steps,duration_s,useful_bits,system_energy_j,system_ee_bits_per_j,mean_system_power_w,mean_system_throughput_bps,served_user_intervals,total_user_intervals,served_fraction,zero_power_intervals,zero_service_intervals,r1_sum,r2_sum,r3_sum
Baseline MODQN,ba30fc69c2cd1daefe3b20ebf05169536cd78feb030e93df5f96d977186fbb2d,2026082901,2026082904,60,10,300.8,7402352644150.201,78255.96030560411,94591550.79360901,260.1594425053328,24608885120.18019,600,600,1.0,0,0,921825703.9060237,-154.5,-1230.0
Baseline MODQN,ba30fc69c2cd1daefe3b20ebf05169536cd78feb030e93df5f96d977186fbb2d,2026082901,2026082905,60,10,300.8,7585334656107.117,82474.00851735461,91972426.13120922,274.1822091667374,25217202979.07951,600,600,1.0,0,0,880947832.1055211,-166.0,-1022.0
Baseline MODQN,ba30fc69c2cd1daefe3b20ebf05169536cd78feb030e93df5f96d977186fbb2d,2026082901,2026082906,60,10,300.8,8914394519710.762,80023.94756186861,111396585.5385828,266.03705971365895,29635620078.82567,598,600,0.9966666666666667,0,0,1091036938.790762,-182.0,-1046.0
Baseline MODQN,ba30fc69c2cd1daefe3b20ebf05169536cd78feb030e93df5f96d977186fbb2d,2026082901,2026082907,60,10,300.8,7258882670200.343,77185.71321475055,94044381.63322091,256.6014402086122,24131923770.612843,600,600,1.0,0,0,917043149.5497494,-178.0,-1156.0
Baseline MODQN,ba30fc69c2cd1daefe3b20ebf05169536cd78feb030e93df5f96d977186fbb2d,2026082901,2026082908,60,10,300.8,7482043483848.399,81783.11899148341,91486404.23737754,271.8853689876443,24873814773.43218,600,600,1.0,0,0,870281213.5014056,-162.0,-1086.0
Baseline MODQN,ba30fc69c2cd1daefe3b20ebf05169536cd78feb030e93df5f96d977186fbb2d,2026082901,2026082904,80,10,300.8,9129610230446.123,96970.90964349355,94147928.11586967,322.37669429352906,30351097840.578865,800,800,1.0,0,0,907628551.2331297,-212.5,-1790.0
Baseline MODQN,ba30fc69c2cd1daefe3b20ebf05169536cd78feb030e93df5f96d977186fbb2d,2026082901,2026082905,80,10,300.8,8763659161971.75,92015.61382661038,95241000.92931566,305.9029714980398,29134505192.72523,800,800,1.0,0,0,909815036.4495192,-220.0,-1752.0
Baseline MODQN,ba30fc69c2cd1daefe3b20ebf05169536cd78feb030e93df5f96d977186fbb2d,2026082901,2026082906,80,10,300.8,11011982554190.521,101302.59669177163,108703852.75212769,336.7772496401982,36608984555.154655,798,800,0.9975,0,0,1070167555.0748758,-222.0,-1548.0
Baseline MODQN,ba30fc69c2cd1daefe3b20ebf05169536cd78feb030e93df5f96d977186fbb2d,2026082901,2026082907,80,10,300.8,8441615949880.014,94306.99481466982,89512087.26849271,313.5205944636629,28063882812.10111,800,800,1.0,0,0,865503083.6353697,-231.5,-1820.0
Baseline MODQN,ba30fc69c2cd1daefe3b20ebf05169536cd78feb030e93df5f96d977186fbb2d,2026082901,2026082908,80,10,300.8,8576539179456.799,97826.68394763173,87670754.37257962,325.22168865569057,28512430782.768612,800,800,1.0,0,0,829850735.9608893,-216.0,-1650.0
Baseline MODQN,ba30fc69c2cd1daefe3b20ebf05169536cd78feb030e93df5f96d977186fbb2d,2026082901,2026082904,100,10,300.8,9679719190328.098,104790.02588168475,92372524.09172201,348.37109668113277,32179917521.037556,1000,1000,1.0,0,0,887373161.1789742,-261.0,-2794.0
Baseline MODQN,ba30fc69c2cd1daefe3b20ebf05169536cd78feb030e93df5f96d977186fbb2d,2026082901,2026082905,100,10,300.8,9677266220333.887,102815.14275518346,94122966.33557904,341.80566075526417,32171762700.57808,999,1000,0.999,0,0,884660628.2335806,-284.0,-2595.0
Baseline MODQN,ba30fc69c2cd1daefe3b20ebf05169536cd78feb030e93df5f96d977186fbb2d,2026082901,2026082906,100,10,300.8,12391382709832.822,116827.66846008958,106065479.8059754,388.3898552529574,41194756349.17826,998,1000,0.998,0,0,1033784251.2551091,-291.0,-2234.0
Baseline MODQN,ba30fc69c2cd1daefe3b20ebf05169536cd78feb030e93df5f96d977186fbb2d,2026082901,2026082907,100,10,300.8,10035256892510.332,109577.57332767383,91581302.52165318,364.2871453712561,33361891264.994453,1000,1000,1.0,0,0,871817383.0387658,-304.0,-2594.0
Baseline MODQN,ba30fc69c2cd1daefe3b20ebf05169536cd78feb030e93df5f96d977186fbb2d,2026082901,2026082908,100,10,300.8,9046186068544.43,103485.53988789089,87414976.80105303,344.0343746272968,30073756876.809937,1000,1000,1.0,0,0,818900972.0552437,-266.0,-2626.0
Baseline MODQN,ba30fc69c2cd1daefe3b20ebf05169536cd78feb030e93df5f96d977186fbb2d,2026082901,2026082904,120,10,300.8,10708979683172.191,117089.53070827111,91459754.0736041,389.26040793973107,35601661180.75861,1200,1200,1.0,0,0,872744954.2848471,-331.5,-3460.0
Baseline MODQN,ba30fc69c2cd1daefe3b20ebf05169536cd78feb030e93df5f96d977186fbb2d,2026082901,2026082905,120,10,300.8,10557102888029.998,112531.29053513196,93814821.08511053,374.1066839598802,35096751622.440155,1199,1200,0.9991666666666666,0,0,882634875.538544,-340.0,-3593.0
Baseline MODQN,ba30fc69c2cd1daefe3b20ebf05169536cd78feb030e93df5f96d977186fbb2d,2026082901,2026082906,120,10,300.8,13495370961636.51,129500.28648770071,104211128.23498064,430.51956944049437,44864930058.63201,1198,1200,0.9983333333333333,0,0,1012496902.1611177,-354.0,-3058.0
Baseline MODQN,ba30fc69c2cd1daefe3b20ebf05169536cd78feb030e93df5f96d977186fbb2d,2026082901,2026082907,120,10,300.8,10565069273747.201,121862.65411537053,86696530.20805682,405.12850437290734,35123235617.51064,1199,1200,0.9991666666666666,0,0,823358640.7003672,-354.0,-3283.0
Baseline MODQN,ba30fc69c2cd1daefe3b20ebf05169536cd78feb030e93df5f96d977186fbb2d,2026082901,2026082908,120,10,300.8,9926504489656.797,114058.83437095671,87029685.55134055,379.18495469068057,33000347372.529243,1199,1200,0.9991666666666666,0,0,814904104.8665304,-328.0,-3473.0
Baseline MODQN,ba30fc69c2cd1daefe3b20ebf05169536cd78feb030e93df5f96d977186fbb2d,2026082901,2026082904,140,10,300.8,11080699399832.055,124468.9924130379,89023773.59223624,413.79319286249296,36837431515.39912,1400,1400,1.0,0,0,846163987.3503432,-365.0,-4566.0
Baseline MODQN,ba30fc69c2cd1daefe3b20ebf05169536cd78feb030e93df5f96d977186fbb2d,2026082901,2026082905,140,10,300.8,11001882868829.527,123637.33896993777,88985115.34209433,411.0283875330378,36575408473.50242,1400,1400,1.0,0,0,829475432.6971742,-390.5,-4442.0
Baseline MODQN,ba30fc69c2cd1daefe3b20ebf05169536cd78feb030e93df5f96d977186fbb2d,2026082901,2026082906,140,10,300.8,14069203116010.912,137543.99877970445,102288745.71652281,457.2606342410387,46772616742.05755,1397,1400,0.9978571428571429,0,0,992771053.5264196,-405.0,-4047.0
Baseline MODQN,ba30fc69c2cd1daefe3b20ebf05169536cd78feb030e93df5f96d977186fbb2d,2026082901,2026082907,140,10,300.8,11610862591436.217,131934.9430632172,88004453.72438462,438.6135075239933,38599942125.78529,1399,1400,0.9992857142857143,0,0,826500020.3030483,-422.5,-4223.0
Baseline MODQN,ba30fc69c2cd1daefe3b20ebf05169536cd78feb030e93df5f96d977186fbb2d,2026082901,2026082908,140,10,300.8,10757509819778.318,123039.4708219897,87431372.61490667,409.0407939560828,35762998071.07153,1399,1400,0.9992857142857143,0,0,813503177.3216904,-381.0,-4479.0
Full Multi-Catfish MCRL,25598e93d72fda0ca587d111886246c89012ea2d5484bc319def838b3cb9a067,2026082901,2026082904,60,10,300.8,6517611830137.728,75336.00163626568,86513906.87822543,250.45213309928747,21667592520.40468,600,600,1.0,0,0,845083813.9885371,-163.0,-1272.0
Full Multi-Catfish MCRL,25598e93d72fda0ca587d111886246c89012ea2d5484bc319def838b3cb9a067,2026082901,2026082905,60,10,300.8,6032398295606.732,77143.13342108286,78197475.62857105,256.45988504349356,20054515610.394722,600,600,1.0,0,0,757924160.5831391,-168.5,-1166.0
Full Multi-Catfish MCRL,25598e93d72fda0ca587d111886246c89012ea2d5484bc319def838b3cb9a067,2026082901,2026082906,60,10,300.8,8066236860034.157,80265.57460519577,100494351.40419479,266.8403411076987,26815947008.092278,598,600,0.9966666666666667,0,0,991468728.2591264,-197.5,-1040.0
Full Multi-Catfish MCRL,25598e93d72fda0ca587d111886246c89012ea2d5484bc319def838b3cb9a067,2026082901,2026082907,60,10,300.8,6938634094499.55,76456.49874520552,90752705.24253063,254.17718997741196,23067267601.39478,600,600,1.0,0,0,885550323.7649343,-189.0,-1140.0
Full Multi-Catfish MCRL,25598e93d72fda0ca587d111886246c89012ea2d5484bc319def838b3cb9a067,2026082901,2026082908,60,10,300.8,5839975255326.44,75431.95081810979,77420445.7393454,250.77111309212032,19414811354.14375,600,600,1.0,0,0,747043051.8011138,-158.5,-1200.0
Full Multi-Catfish MCRL,25598e93d72fda0ca587d111886246c89012ea2d5484bc319def838b3cb9a067,2026082901,2026082904,80,10,300.8,7977324415817.004,93930.27524405238,84928149.04555626,312.2682022741103,26520360424.92355,800,800,1.0,0,0,825273174.3485289,-224.0,-1836.0
Full Multi-Catfish MCRL,25598e93d72fda0ca587d111886246c89012ea2d5484bc319def838b3cb9a067,2026082901,2026082905,80,10,300.8,7037703373409.726,86794.01921234108,81085118.96645808,288.54394684953814,23396620257.34616,800,800,1.0,0,0,782850643.5203073,-233.5,-1938.0
Full Multi-Catfish MCRL,25598e93d72fda0ca587d111886246c89012ea2d5484bc319def838b3cb9a067,2026082901,2026082906,80,10,300.8,10022954021352.115,101714.02923300395,98540526.77818695,338.1450439926993,33320990762.473785,798,800,0.9975,0,0,974384563.8173151,-282.5,-1530.0
Full Multi-Catfish MCRL,25598e93d72fda0ca587d111886246c89012ea2d5484bc319def838b3cb9a067,2026082901,2026082907,80,10,300.8,7755847692397.945,90196.17639044223,85988652.76532726,299.854309808651,25784068126.322956,799,800,0.99875,0,0,822097636.9748912,-267.5,-1883.0
Full Multi-Catfish MCRL,25598e93d72fda0ca587d111886246c89012ea2d5484bc319def838b3cb9a067,2026082901,2026082908,80,10,300.8,7811631224938.476,101553.07534795481,76921660.89675978,337.60995793867954,25969518699.92844,800,800,1.0,0,0,755445986.3760016,-234.5,-1534.0
Full Multi-Catfish MCRL,25598e93d72fda0ca587d111886246c89012ea2d5484bc319def838b3cb9a067,2026082901,2026082904,100,10,300.8,8400462244954.957,100408.97139110912,83662466.89485347,333.8064208481021,27927068633.493874,1000,1000,1.0,0,0,812459107.4378184,-301.5,-2954.0
Full Multi-Catfish MCRL,25598e93d72fda0ca587d111886246c89012ea2d5484bc319def838b3cb9a067,2026082901,2026082905,100,10,300.8,7941590301821.924,97926.0160546177,81097859.60650687,325.55191507519186,26401563503.39735,999,1000,0.999,0,0,781571534.761762,-318.5,-2787.0
Full Multi-Catfish MCRL,25598e93d72fda0ca587d111886246c89012ea2d5484bc319def838b3cb9a067,2026082901,2026082906,100,10,300.8,10771473743971.023,116199.8354757248,92697839.88826112,386.3026445336596,35809420691.39303,998,1000,0.998,0,0,910127208.6265047,-374.0,-2230.0
Full Multi-Catfish MCRL,25598e93d72fda0ca587d111886246c89012ea2d5484bc319def838b3cb9a067,2026082901,2026082907,100,10,300.8,8900131049417.225,106141.51155180304,83851557.40950099,352.8640676589197,29588201627.05194,999,1000,0.999,0,0,807313703.4009328,-328.0,-2573.0
Full Multi-Catfish MCRL,25598e93d72fda0ca587d111886246c89012ea2d5484bc319def838b3cb9a067,2026082901,2026082908,100,10,300.8,8506634871305.586,106052.78889233424,80211326.45499402,352.5691120090899,28280036141.308464,1000,1000,1.0,0,0,773290934.9182159,-299.0,-2534.0
Full Multi-Catfish MCRL,25598e93d72fda0ca587d111886246c89012ea2d5484bc319def838b3cb9a067,2026082901,2026082904,120,10,300.8,8978668263557.54,110724.40872062875,81090234.45961061,368.09976303400515,29849296088.954582,1200,1200,1.0,0,0,789292222.7441764,-332.5,-3688.0
Full Multi-Catfish MCRL,25598e93d72fda0ca587d111886246c89012ea2d5484bc319def838b3cb9a067,2026082901,2026082905,120,10,300.8,8644541984581.562,106878.6894507549,80881811.2292123,355.3147920570309,28738503938.103596,1199,1200,0.9991666666666666,0,0,773208181.2464037,-369.5,-3831.0
Full Multi-Catfish MCRL,25598e93d72fda0ca587d111886246c89012ea2d5484bc319def838b3cb9a067,2026082901,2026082906,120,10,300.8,11306774572006.594,121651.02967092977,92944339.25131427,404.42496566133565,37589011210.1283,1198,1200,0.9983333333333333,0,0,906397367.7793365,-448.0,-3282.0
Full Multi-Catfish MCRL,25598e93d72fda0ca587d111886246c89012ea2d5484bc319def838b3cb9a067,2026082901,2026082907,120,10,300.8,9224341220951.62,114538.61872948914,80534769.17455368,380.77998247835484,30666027995.184902,1198,1200,0.9983333333333333,0,0,772052554.8352156,-397.5,-3422.0
Full Multi-Catfish MCRL,25598e93d72fda0ca587d111886246c89012ea2d5484bc319def838b3cb9a067,2026082901,2026082908,120,10,300.8,9235418839394.045,116384.57686219546,79352600.56260885,386.9168113769796,30702855184.155735,1199,1200,0.9991666666666666,0,0,760370410.5146068,-357.0,-3339.0
Full Multi-Catfish MCRL,25598e93d72fda0ca587d111886246c89012ea2d5484bc319def838b3cb9a067,2026082901,2026082904,140,10,300.8,9546302805607.234,119157.17132520583,80115218.40807465,396.1342131822002,31736379008.002773,1400,1400,1.0,0,0,777980796.992687,-399.0,-4752.0
Full Multi-Catfish MCRL,25598e93d72fda0ca587d111886246c89012ea2d5484bc319def838b3cb9a067,2026082901,2026082905,140,10,300.8,9220583969640.783,117104.37242005055,78738169.88290387,389.3097487368702,30653537133.114304,1400,1400,1.0,0,0,751295675.5585101,-430.5,-4714.0
Full Multi-Catfish MCRL,25598e93d72fda0ca587d111886246c89012ea2d5484bc319def838b3cb9a067,2026082901,2026082906,140,10,300.8,12348555037881.059,134965.7795073805,91493970.41941129,448.6894265537915,41052377120.61522,1397,1400,0.9978571428571429,0,0,888618384.8811895,-525.0,-3981.0
Full Multi-Catfish MCRL,25598e93d72fda0ca587d111886246c89012ea2d5484bc319def838b3cb9a067,2026082901,2026082907,140,10,300.8,10535014746099.297,125025.7102427099,84262786.63522793,415.64398351964724,35023320299.532234,1398,1400,0.9985714285714286,0,0,791677825.191432,-458.0,-4362.0
Full Multi-Catfish MCRL,25598e93d72fda0ca587d111886246c89012ea2d5484bc319def838b3cb9a067,2026082901,2026082908,140,10,300.8,9676404030010.291,122115.24734170627,79239933.10133918,405.96824249237454,32168896376.364,1399,1400,0.9992857142857143,0,0,763634341.3271005,-404.0,-4469.0
Full - C1,946a5c2aab645d1fe1f522fd4c691ebea111debd9b316dc654c3146cfeef75cb,2026082901,2026082904,60,10,300.8,6466005275270.097,80088.87144391757,80735377.5711265,266.25289708749193,21496028175.76495,600,600,1.0,0,0,778403725.532406,-174.0,-1136.0
Full - C1,946a5c2aab645d1fe1f522fd4c691ebea111debd9b316dc654c3146cfeef75cb,2026082901,2026082905,60,10,300.8,6384957116533.775,81727.79170735873,78124674.39957608,271.7014351973362,21226586158.68941,600,600,1.0,0,0,758813213.598794,-160.0,-1024.0
Full - C1,946a5c2aab645d1fe1f522fd4c691ebea111debd9b316dc654c3146cfeef75cb,2026082901,2026082906,60,10,300.8,7684687816711.933,80330.40801723785,95663497.87570979,267.0558777168811,25547499390.66467,598,600,0.9966666666666667,0,0,927136570.3425477,-168.5,-1040.0
Full - C1,946a5c2aab645d1fe1f522fd4c691ebea111debd9b316dc654c3146cfeef75cb,2026082901,2026082907,60,10,300.8,6462582126733.775,78151.77039059316,82692715.65358746,259.81306645808894,21484648027.705368,599,600,0.9983333333333333,0,0,805873101.3281091,-170.0,-1125.0
Full - C1,946a5c2aab645d1fe1f522fd4c691ebea111debd9b316dc654c3146cfeef75cb,2026082901,2026082908,60,10,300.8,6459841812105.1455,78879.19278093101,81895384.37653494,262.2313589791589,21475537939.17934,600,600,1.0,0,0,788622885.183492,-152.0,-1118.0
Full - C1,946a5c2aab645d1fe1f522fd4c691ebea111debd9b316dc654c3146cfeef75cb,2026082901,2026082904,80,10,300.8,7482019605838.243,94733.4644664367,78979689.4685411,314.93837921022833,24873735391.749477,800,800,1.0,0,0,749199840.7438707,-229.0,-1742.0
Full - C1,946a5c2aab645d1fe1f522fd4c691ebea111debd9b316dc654c3146cfeef75cb,2026082901,2026082905,80,10,300.8,7272441349715.521,90770.73373691126,80118789.94824336,301.7644073700507,24176999167.937237,799,800,0.99875,0,0,769228092.6894367,-205.0,-1725.0
Full - C1,946a5c2aab645d1fe1f522fd4c691ebea111debd9b316dc654c3146cfeef75cb,2026082901,2026082906,80,10,300.8,9065419779852.65,96586.40188684738,93858137.40605997,321.09841052808304,30137698736.21227,798,800,0.9975,0,0,902324688.8236867,-232.0,-1640.0
Full - C1,946a5c2aab645d1fe1f522fd4c691ebea111debd9b316dc654c3146cfeef75cb,2026082901,2026082907,80,10,300.8,7318504383835.857,91095.09690094762,80339168.98725782,302.8427423568737,24330134254.77346,798,800,0.9975,0,0,772681737.6682775,-226.5,-1842.0
Full - C1,946a5c2aab645d1fe1f522fd4c691ebea111debd9b316dc654c3146cfeef75cb,2026082901,2026082908,80,10,300.8,7582790598313.885,96106.46720699438,78899899.44154382,319.502883001976,25208745340.139244,800,800,1.0,0,0,748821597.3925184,-203.5,-1730.0
Full - C1,946a5c2aab645d1fe1f522fd4c691ebea111debd9b316dc654c3146cfeef75cb,2026082901,2026082904,100,10,300.8,7874985014434.867,101192.10658929305,77822127.43526484,336.409928820788,26180136351.179745,1000,1000,1.0,0,0,738045805.8429364,-305.0,-2732.0
Full - C1,946a5c2aab645d1fe1f522fd4c691ebea111debd9b316dc654c3146cfeef75cb,2026082901,2026082905,100,10,300.8,7713733323600.023,100212.04866021241,76974110.66562335,333.15175751400403,25644060251.329865,999,1000,0.999,0,0,741213977.5836061,-252.5,-2579.0
Full - C1,946a5c2aab645d1fe1f522fd4c691ebea111debd9b316dc654c3146cfeef75cb,2026082901,2026082906,100,10,300.8,10429647289146.693,110826.44795639244,94107927.13712624,368.4389892167302,34673029551.68449,998,1000,0.998,0,0,907300438.6409637,-280.0,-2270.0
Full - C1,946a5c2aab645d1fe1f522fd4c691ebea111debd9b316dc654c3146cfeef75cb,2026082901,2026082907,100,10,300.8,8266137084241.273,102683.89648508308,80500812.36878362,341.3693367190262,27480508923.674446,998,1000,0.998,0,0,776626474.4474087,-297.0,-2744.0
Full - C1,946a5c2aab645d1fe1f522fd4c691ebea111debd9b316dc654c3146cfeef75cb,2026082901,2026082908,100,10,300.8,8138494055934.218,104488.51493954883,77888886.26317152,347.36873317669153,27056163749.781307,1000,1000,1.0,0,0,738741396.9639454,-267.0,-2592.0
Full - C1,946a5c2aab645d1fe1f522fd4c691ebea111debd9b316dc654c3146cfeef75cb,2026082901,2026082904,120,10,300.8,8559346322793.999,112665.0701540279,75971606.02742493,374.5514300333374,28455273679.501324,1200,1200,1.0,0,0,717155549.3402112,-370.5,-3414.0
Full - C1,946a5c2aab645d1fe1f522fd4c691ebea111debd9b316dc654c3146cfeef75cb,2026082901,2026082905,120,10,300.8,8515143047481.308,108394.4700521445,78556987.67091155,360.353956290374,28308321301.467113,1199,1200,0.9991666666666666,0,0,748524848.0774556,-310.0,-3605.0
Full - C1,946a5c2aab645d1fe1f522fd4c691ebea111debd9b316dc654c3146cfeef75cb,2026082901,2026082906,120,10,300.8,10748078436659.906,118319.93328615653,90839118.46591139,393.35084204174376,35731643738.895966,1198,1200,0.9983333333333333,0,0,878628889.4057691,-347.0,-3232.0
Full - C1,946a5c2aab645d1fe1f522fd4c691ebea111debd9b316dc654c3146cfeef75cb,2026082901,2026082907,120,10,300.8,9440685165830.395,121360.85738529474,77790198.33271481,403.4602971585596,31385256535.340405,1197,1200,0.9975,0,0,750711586.8084651,-342.0,-3393.0
Full - C1,946a5c2aab645d1fe1f522fd4c691ebea111debd9b316dc654c3146cfeef75cb,2026082901,2026082908,120,10,300.8,8987493848092.35,115323.41884382589,77932946.64862007,383.3890254116552,29878636463.07297,1199,1200,0.9991666666666666,0,0,736503818.4712372,-318.0,-3367.0
Full - C1,946a5c2aab645d1fe1f522fd4c691ebea111debd9b316dc654c3146cfeef75cb,2026082901,2026082904,140,10,300.8,9153713545663.223,123829.16127994999,73922115.3648027,411.66609468068475,30431228542.76337,1400,1400,1.0,0,0,699120190.5744344,-421.5,-4440.0
Full - C1,946a5c2aab645d1fe1f522fd4c691ebea111debd9b316dc654c3146cfeef75cb,2026082901,2026082905,140,10,300.8,9297364859411.855,121679.04697772197,76408922.40973991,404.51810830359693,30908792750.704304,1399,1400,0.9992857142857143,0,0,728233709.232417,-366.5,-4423.0
Full - C1,946a5c2aab645d1fe1f522fd4c691ebea111debd9b316dc654c3146cfeef75cb,2026082901,2026082906,140,10,300.8,11692473576244.965,128304.33573342477,91130775.19483186,426.5436693265451,38871255240.17608,1397,1400,0.9978571428571429,0,0,872786654.2336375,-415.0,-4259.0
Full - C1,946a5c2aab645d1fe1f522fd4c691ebea111debd9b316dc654c3146cfeef75cb,2026082901,2026082907,140,10,300.8,9776765708005.883,124505.2668720742,78524916.68526156,413.91378614386366,32502545571.828068,1396,1400,0.9971428571428571,0,0,745431991.8561736,-411.5,-4524.0
Full - C1,946a5c2aab645d1fe1f522fd4c691ebea111debd9b316dc654c3146cfeef75cb,2026082901,2026082908,140,10,300.8,9586252260773.725,124603.6230089279,76933976.9525551,414.2407679818082,31869189696.721157,1399,1400,0.9992857142857143,0,0,727542248.7968541,-363.5,-4325.0
Full - C2,adf1979ad701c284219fb80f834930d72409b2c83fe09404a2c296d2088d140d,2026082901,2026082904,60,10,300.8,6588938634340.873,73352.89685151126,89825200.0555466,243.85936453294968,21904716204.590668,600,600,1.0,0,0,887452790.0429031,-138.0,-1338.0
Full - C2,adf1979ad701c284219fb80f834930d72409b2c83fe09404a2c296d2088d140d,2026082901,2026082905,60,10,300.8,6848820859539.361,74514.90089536122,91912097.8119119,247.7224098914934,22768686368.14947,600,600,1.0,0,0,892252429.7058672,-158.0,-1146.0
Full - C2,adf1979ad701c284219fb80f834930d72409b2c83fe09404a2c296d2088d140d,2026082901,2026082906,60,10,300.8,8137254539297.469,74982.36790906906,108522240.17739075,249.2764890594051,27052043016.28148,598,600,0.9966666666666667,0,0,1072420559.9442229,-171.5,-1116.0
Full - C2,adf1979ad701c284219fb80f834930d72409b2c83fe09404a2c296d2088d140d,2026082901,2026082907,60,10,300.8,6721387184303.576,71277.63002526257,94298690.65401514,236.96020620100586,22345037181.86029,600,600,1.0,0,0,929976303.8970897,-160.5,-1244.0
Full - C2,adf1979ad701c284219fb80f834930d72409b2c83fe09404a2c296d2088d140d,2026082901,2026082908,60,10,300.8,6542772055532.181,74228.6871251163,88143443.0398048,246.7709013467962,21751236886.742622,600,600,1.0,0,0,858887423.2482991,-148.0,-1194.0
Full - C2,adf1979ad701c284219fb80f834930d72409b2c83fe09404a2c296d2088d140d,2026082901,2026082904,80,10,300.8,8064866465336.67,89093.49729812331,90521381.58130819,296.1884883581227,26811391174.656483,800,800,1.0,0,0,890953463.5402235,-190.5,-1950.0
Full - C2,adf1979ad701c284219fb80f834930d72409b2c83fe09404a2c296d2088d140d,2026082901,2026082905,80,10,300.8,7755222538721.566,84660.17686222497,91604138.16926381,281.45005605792875,25781989822.87755,799,800,0.99875,0,0,881991338.1772164,-194.5,-1923.0
Full - C2,adf1979ad701c284219fb80f834930d72409b2c83fe09404a2c296d2088d140d,2026082901,2026082906,80,10,300.8,10021305583844.78,93747.14747071364,106897178.78589755,311.659399836149,33315510584.590355,798,800,0.9975,0,0,1055240979.1617379,-224.0,-1698.0
Full - C2,adf1979ad701c284219fb80f834930d72409b2c83fe09404a2c296d2088d140d,2026082901,2026082907,80,10,300.8,7662760661302.936,84640.24526288151,90533299.34835851,281.3837940920263,25474603262.31029,800,800,1.0,0,0,892030865.0718389,-217.0,-2024.0
Full - C2,adf1979ad701c284219fb80f834930d72409b2c83fe09404a2c296d2088d140d,2026082901,2026082908,80,10,300.8,7188909950554.144,85950.48876980104,83640128.79331046,285.7396568144981,23899301697.320953,800,800,1.0,0,0,806580964.4639975,-195.0,-1914.0
Full - C2,adf1979ad701c284219fb80f834930d72409b2c83fe09404a2c296d2088d140d,2026082901,2026082904,100,10,300.8,8338900155822.783,94795.23264526488,87967505.57095996,315.1437255494178,27722407432.921486,1000,1000,1.0,0,0,866956106.0463568,-253.0,-3118.0
Full - C2,adf1979ad701c284219fb80f834930d72409b2c83fe09404a2c296d2088d140d,2026082901,2026082905,100,10,300.8,8574204461761.297,93744.74874899726,91463304.09097193,311.6514253623579,28504669088.30218,999,1000,0.999,0,0,873460217.6995163,-280.5,-2801.0
Full - C2,adf1979ad701c284219fb80f834930d72409b2c83fe09404a2c296d2088d140d,2026082901,2026082906,100,10,300.8,11622080474550.84,109091.39241627872,106535265.68074661,362.67085244773506,38637235620.18231,998,1000,0.998,0,0,1050093730.7861359,-279.5,-2360.0
Full - C2,adf1979ad701c284219fb80f834930d72409b2c83fe09404a2c296d2088d140d,2026082901,2026082907,100,10,300.8,8798816731670.373,100470.71209294477,87575936.79171546,334.0116758409068,29251385411.138206,1000,1000,1.0,0,0,859068517.3450791,-275.5,-2768.0
Full - C2,adf1979ad701c284219fb80f834930d72409b2c83fe09404a2c296d2088d140d,2026082901,2026082908,100,10,300.8,7561165488425.538,92009.00241460426,82178540.03409325,305.880992069828,25136853352.478516,1000,1000,1.0,0,0,789453371.1542943,-252.5,-2910.0
Full - C2,adf1979ad701c284219fb80f834930d72409b2c83fe09404a2c296d2088d140d,2026082901,2026082904,120,10,300.8,9276094079698.111,105423.8982853439,87988532.30214576,350.4783852571273,30838078722.400635,1200,1200,1.0,0,0,858405951.5068855,-306.5,-3898.0
Full - C2,adf1979ad701c284219fb80f834930d72409b2c83fe09404a2c296d2088d140d,2026082901,2026082905,120,10,300.8,9057493372047.904,100166.06077998693,90424773.63607755,332.9988722738927,30111347646.435852,1199,1200,0.9991666666666666,0,0,866557645.1314563,-303.5,-4013.0
Full - C2,adf1979ad701c284219fb80f834930d72409b2c83fe09404a2c296d2088d140d,2026082901,2026082906,120,10,300.8,11986543934257.574,116970.29408520297,102475111.54863293,388.8640095917652,39848882760.16481,1198,1200,0.9983333333333333,0,0,1008358517.5821551,-344.0,-3416.0
Full - C2,adf1979ad701c284219fb80f834930d72409b2c83fe09404a2c296d2088d140d,2026082901,2026082907,120,10,300.8,9405536308704.916,109745.18021090551,85703411.21705385,364.844349105404,31268405281.59879,1200,1200,1.0,0,0,836942231.5515136,-328.0,-3636.0
Full - C2,adf1979ad701c284219fb80f834930d72409b2c83fe09404a2c296d2088d140d,2026082901,2026082908,120,10,300.8,8245161461090.202,100666.26558971648,81905903.75821474,334.6617871998553,27410776133.94349,1199,1200,0.9991666666666666,0,0,784451042.7401121,-306.0,-3907.0
Full - C2,adf1979ad701c284219fb80f834930d72409b2c83fe09404a2c296d2088d140d,2026082901,2026082904,140,10,300.8,9406151104508.082,111384.5990336434,84447501.59460537,370.2945446597187,31270449150.62527,1400,1400,1.0,0,0,829539386.5140591,-351.0,-5036.0
Full - C2,adf1979ad701c284219fb80f834930d72409b2c83fe09404a2c296d2088d140d,2026082901,2026082905,140,10,300.8,9775191261004.234,112575.72787513335,86832139.08993484,374.2544144785018,32497311373.019394,1399,1400,0.9992857142857143,0,0,828730122.2178782,-365.0,-4781.0
Full - C2,adf1979ad701c284219fb80f834930d72409b2c83fe09404a2c296d2088d140d,2026082901,2026082906,140,10,300.8,12489272470886.16,125092.45971593067,99840330.09861454,415.86589001306737,41520187735.658775,1397,1400,0.9978571428571429,0,0,984625419.3200877,-403.0,-4591.0
Full - C2,adf1979ad701c284219fb80f834930d72409b2c83fe09404a2c296d2088d140d,2026082901,2026082907,140,10,300.8,9826974559461.973,116580.00702945315,84293823.69979832,387.5665127308948,32669463296.083683,1399,1400,0.9992857142857143,0,0,814678584.3421037,-376.5,-4681.0
Full - C2,adf1979ad701c284219fb80f834930d72409b2c83fe09404a2c296d2088d140d,2026082901,2026082908,140,10,300.8,8766718681137.977,105206.83045327972,83328417.39806147,349.7567501771267,29144676466.54912,1399,1400,0.9992857142857143,0,0,799812298.7705207,-343.5,-5129.0
Full - C3,e94480e9352e635d0b61cd2ebeca39a4f4586311960410f02b9aa6dd4c281e1f,2026082901,2026082904,60,10,300.8,6772667053897.992,81547.82515899197,83051473.66828576,271.10314215090415,22515515471.735344,600,600,1.0,0,0,802492508.3003994,-193.0,-1102.0
Full - C3,e94480e9352e635d0b61cd2ebeca39a4f4586311960410f02b9aa6dd4c281e1f,2026082901,2026082905,60,10,300.8,6740795077139.176,84731.512468675,79554759.27130686,281.6872090049036,22409558102.191406,600,600,1.0,0,0,783236005.8329654,-167.0,-978.0
Full - C3,e94480e9352e635d0b61cd2ebeca39a4f4586311960410f02b9aa6dd4c281e1f,2026082901,2026082906,60,10,300.8,8518792631545.28,84903.49316271528,100335007.59761722,282.25895333349496,28320454227.2117,598,600,0.9966666666666667,0,0,979934864.5258754,-184.5,-958.0
Full - C3,e94480e9352e635d0b61cd2ebeca39a4f4586311960410f02b9aa6dd4c281e1f,2026082901,2026082907,60,10,300.8,7180310346729.615,80532.90737303748,89159954.37082149,267.72908036249163,23870712588.86175,599,600,0.9983333333333333,0,0,871254985.007124,-185.0,-1089.0
Full - C3,e94480e9352e635d0b61cd2ebeca39a4f4586311960410f02b9aa6dd4c281e1f,2026082901,2026082908,60,10,300.8,7032949073119.529,81239.26866882904,86570807.29996803,270.0773559469051,23380814737.764393,600,600,1.0,0,0,840122600.4070714,-169.5,-1038.0
Full - C3,e94480e9352e635d0b61cd2ebeca39a4f4586311960410f02b9aa6dd4c281e1f,2026082901,2026082904,80,10,300.8,8348723958885.02,98739.78761185624,84552784.2504954,328.25727264579865,27755066352.67626,800,800,1.0,0,0,822882346.2335316,-239.5,-1642.0
Full - C3,e94480e9352e635d0b61cd2ebeca39a4f4586311960410f02b9aa6dd4c281e1f,2026082901,2026082905,80,10,300.8,7844978665955.783,93307.29187453917,84076801.59128538,310.1971139446116,26080381203.310448,799,800,0.99875,0,0,817205532.9178959,-220.5,-1689.0
Full - C3,e94480e9352e635d0b61cd2ebeca39a4f4586311960410f02b9aa6dd4c281e1f,2026082901,2026082906,80,10,300.8,9799237621325.008,102198.67429236592,95884195.06589428,339.75623102515266,32577252730.468773,798,800,0.9975,0,0,936489824.520425,-234.5,-1516.0
Full - C3,e94480e9352e635d0b61cd2ebeca39a4f4586311960410f02b9aa6dd4c281e1f,2026082901,2026082907,80,10,300.8,8316482296611.144,96875.41555513718,85847190.94059289,322.05922724447197,27647879975.43598,798,800,0.9975,0,0,836684757.175396,-272.0,-1688.0
Full - C3,e94480e9352e635d0b61cd2ebeca39a4f4586311960410f02b9aa6dd4c281e1f,2026082901,2026082908,80,10,300.8,8034208845301.655,98243.02776490668,81778921.3961049,326.6058103886525,26709470895.284756,800,800,1.0,0,0,784689985.8636615,-225.5,-1608.0
Full - C3,e94480e9352e635d0b61cd2ebeca39a4f4586311960410f02b9aa6dd4c281e1f,2026082901,2026082904,100,10,300.8,8637895257726.548,104994.25246456354,82270172.46150604,349.05004143804365,28716407106.80368,1000,1000,1.0,0,0,795270570.4051342,-318.5,-2554.0
Full - C3,e94480e9352e635d0b61cd2ebeca39a4f4586311960410f02b9aa6dd4c281e1f,2026082901,2026082905,100,10,300.8,8147871459612.41,102713.32113907652,79326336.34326729,341.46715804214267,27087338629.030617,999,1000,0.999,0,0,769810412.321049,-276.0,-2459.0
Full - C3,e94480e9352e635d0b61cd2ebeca39a4f4586311960410f02b9aa6dd4c281e1f,2026082901,2026082906,100,10,300.8,10968339023737.256,115604.97256153236,94877744.27608816,384.3250417604134,36463893031.041405,998,1000,0.998,0,0,925977461.4357898,-293.0,-2184.0
Full - C3,e94480e9352e635d0b61cd2ebeca39a4f4586311960410f02b9aa6dd4c281e1f,2026082901,2026082907,100,10,300.8,9246301679396.742,112683.22752677079,82055705.02673121,374.6117936395305,30739034838.42002,998,1000,0.998,0,0,799973300.3544474,-325.5,-2416.0
Full - C3,e94480e9352e635d0b61cd2ebeca39a4f4586311960410f02b9aa6dd4c281e1f,2026082901,2026082908,100,10,300.8,8845776338106.47,109092.2737527368,81085268.77124107,362.6737824226622,29407501124.02417,1000,1000,1.0,0,0,778321816.9480145,-286.0,-2348.0
Full - C3,e94480e9352e635d0b61cd2ebeca39a4f4586311960410f02b9aa6dd4c281e1f,2026082901,2026082904,120,10,300.8,9423530627310.89,120302.80277687976,78331762.9331404,399.9428283805843,31328226819.517586,1200,1200,1.0,0,0,750819666.527182,-373.5,-3162.0
Full - C3,e94480e9352e635d0b61cd2ebeca39a4f4586311960410f02b9aa6dd4c281e1f,2026082901,2026082905,120,10,300.8,9034165068729.973,112045.43255207517,80629480.94319846,372.49146460131374,30033793446.575706,1199,1200,0.9991666666666666,0,0,775555398.342562,-325.0,-3401.0
Full - C3,e94480e9352e635d0b61cd2ebeca39a4f4586311960410f02b9aa6dd4c281e1f,2026082901,2026082906,120,10,300.8,11612180275766.266,125719.09448217362,92366082.6829517,417.94911729446017,38604322725.28679,1198,1200,0.9983333333333333,0,0,899298590.5875431,-324.0,-3044.0
Full - C3,e94480e9352e635d0b61cd2ebeca39a4f4586311960410f02b9aa6dd4c281e1f,2026082901,2026082907,120,10,300.8,10269966083332.07,126649.29296795507,81089801.94568151,421.0415324732549,34142174479.162468,1197,1200,0.9975,0,0,783468271.2045815,-384.5,-3121.0
Full - C3,e94480e9352e635d0b61cd2ebeca39a4f4586311960410f02b9aa6dd4c281e1f,2026082901,2026082908,120,10,300.8,9683327486064.002,122525.84679175774,79030896.2526215,407.3332672598329,32191913185.053196,1199,1200,0.9991666666666666,0,0,753799127.7319405,-344.5,-3033.0
Full - C3,e94480e9352e635d0b61cd2ebeca39a4f4586311960410f02b9aa6dd4c281e1f,2026082901,2026082904,140,10,300.8,9950488376333.219,128378.05636448822,77509261.77042286,426.78875121172945,33080081038.341816,1400,1400,1.0,0,0,736541217.5763719,-431.0,-4220.0
Full - C3,e94480e9352e635d0b61cd2ebeca39a4f4586311960410f02b9aa6dd4c281e1f,2026082901,2026082905,140,10,300.8,9568316264327.504,122949.54616779067,77823111.69550404,408.7418423131339,31809562048.961117,1399,1400,0.9992857142857143,0,0,745385585.6911486,-384.5,-4169.0
Full - C3,e94480e9352e635d0b61cd2ebeca39a4f4586311960410f02b9aa6dd4c281e1f,2026082901,2026082906,140,10,300.8,12252875239661.006,136465.1347487033,89787587.59315579,453.6739852018062,40734292685.043236,1397,1400,0.9978571428571429,0,0,870196521.6421512,-394.5,-3975.0
Full - C3,e94480e9352e635d0b61cd2ebeca39a4f4586311960410f02b9aa6dd4c281e1f,2026082901,2026082907,140,10,300.8,11079571342951.72,136817.84816408643,80980453.14719412,454.84656969443625,36833681326.30226,1396,1400,0.9971428571428571,0,0,780598922.9472147,-445.5,-3938.0
Full - C3,e94480e9352e635d0b61cd2ebeca39a4f4586311960410f02b9aa6dd4c281e1f,2026082901,2026082908,140,10,300.8,10056374888823.04,129457.85962356228,77680682.48667927,430.378522684715,33432097369.757442,1399,1400,0.9992857142857143,0,0,746412309.5461199,-401.5,-4073.0
