/home/sat/mcrl-v019-relational-q3-gate-20260904-r1/learned-q3-panel-v019-r1/adapter-configs/TRAIN/2026120701-2026092101.json	8897264e532cd80a542799ffc750e3ddaaa2a4229a7f222f38bcd25aee99a8f4
/home/sat/mcrl-v019-relational-q3-gate-20260904-r1/learned-q3-panel-v019-r1/adapter-configs/TRAIN/2026120701-2026092102.json	8b5ad27cf205098172289c71f575b8e709e8186e2814df8ee6f7bebaadd8c4e7
/home/sat/mcrl-v019-relational-q3-gate-20260904-r1/learned-q3-panel-v019-r1/adapter-configs/TRAIN/2026120701-2026092103.json	535f9833c77b903620b2ca2db82978e5e162fc8250533227c6daea87df2709e3
/home/sat/mcrl-v019-relational-q3-gate-20260904-r1/learned-q3-panel-v019-r1/adapter-configs/TRAIN/2026120702-2026092101.json	78e08698c39e234584c811446828e62fbd88fbc20eaac99e5f5e9a182263e16e
/home/sat/mcrl-v019-relational-q3-gate-20260904-r1/learned-q3-panel-v019-r1/adapter-configs/TRAIN/2026120702-2026092102.json	99bd804a3492ce902f09702be9f5ddc57ba4e07a633d4899a6ba0d4c81b79873
/home/sat/mcrl-v019-relational-q3-gate-20260904-r1/learned-q3-panel-v019-r1/adapter-configs/TRAIN/2026120702-2026092103.json	ee890c7bffc9edf64fcb7359a4c8160997dc5f6750a29f11cffdecc3324708aa
/home/sat/mcrl-v019-relational-q3-gate-20260904-r1/learned-q3-panel-v019-r1/adapter-configs/TRAIN/2026120703-2026092101.json	4e7c3c79409eba55e2576bdcf11773f0ce657546d64f09a2573744d1260e51e8
/home/sat/mcrl-v019-relational-q3-gate-20260904-r1/learned-q3-panel-v019-r1/adapter-configs/TRAIN/2026120703-2026092102.json	402d9f8420346d8d7548bf8747c7d86c1d4025dda8db91e95320620af6e7448d
/home/sat/mcrl-v019-relational-q3-gate-20260904-r1/learned-q3-panel-v019-r1/adapter-configs/TRAIN/2026120703-2026092103.json	ecf7996d75694a9cc7452700b2ff7b1019996c286b27e2ccd432bb688f8c044b
/home/sat/mcrl-v019-relational-q3-gate-20260904-r1/learned-q3-panel-v019-r1/adapter-configs/TRAIN/2026120704-2026092101.json	d206cbe2ee5cb729d417487edbb494407f71c8b69da58430318325152e57a62f
/home/sat/mcrl-v019-relational-q3-gate-20260904-r1/learned-q3-panel-v019-r1/adapter-configs/TRAIN/2026120704-2026092102.json	b5cc22f505ddfaec244e5b8ea58e21ee8cb4bbe8c18f6062069583337edff984
/home/sat/mcrl-v019-relational-q3-gate-20260904-r1/learned-q3-panel-v019-r1/adapter-configs/TRAIN/2026120704-2026092103.json	bc990c6824b57b173e68fa47699a25f140af7474172e336f0dddfd634b1c0e2a
/home/sat/mcrl-v019-relational-q3-gate-20260904-r1/learned-q3-panel-v019-r1/adapter-configs/VALIDATION/2026120705-2026092101.json	d69385f83d37d8722f2040a77d06c618ed5f928ea31381c72e2b529d1bf67eef
/home/sat/mcrl-v019-relational-q3-gate-20260904-r1/learned-q3-panel-v019-r1/adapter-configs/VALIDATION/2026120705-2026092102.json	bde1008d9ea549e4f37b61177d0602f4c9b30b95954f0e5317ca8c1c42dffe61
/home/sat/mcrl-v019-relational-q3-gate-20260904-r1/learned-q3-panel-v019-r1/adapter-configs/VALIDATION/2026120705-2026092103.json	dcd516820e8c9e7d6da2dc88ca570b2a9a7c0aee47775cf9bba36f20ceb25261
/home/sat/mcrl-v019-relational-q3-gate-20260904-r1/learned-q3-panel-v019-r1/adapter-configs/VALIDATION/2026120706-2026092101.json	e2ac38f3c3c9c05c3b01103ae6f496f70010200579b7fe974cbefe7e4c4ac912
/home/sat/mcrl-v019-relational-q3-gate-20260904-r1/learned-q3-panel-v019-r1/adapter-configs/VALIDATION/2026120706-2026092102.json	4c2dd7e30282c7da413fd87f03529827d69afdb568549bc2f38be0337a2b6e69
/home/sat/mcrl-v019-relational-q3-gate-20260904-r1/learned-q3-panel-v019-r1/adapter-configs/VALIDATION/2026120706-2026092103.json	258f6fe0db1b0f9e9bc61aca1aea9c3808be7a35b4923dd39514366c9fc9607a
/home/sat/mcrl-v019-relational-q3-gate-20260904-r1/learned-q3-panel-v019-r1/adapter-configs/VALIDATION/2026120707-2026092101.json	950bc5c9757ec38dfbf9db538e5bd19b956309d7fb75627940f44d8914cac54a
/home/sat/mcrl-v019-relational-q3-gate-20260904-r1/learned-q3-panel-v019-r1/adapter-configs/VALIDATION/2026120707-2026092102.json	94f8129a5765dcaf05027dd1b430383b6f62d3f26b5bdf825ad867167859265a
/home/sat/mcrl-v019-relational-q3-gate-20260904-r1/learned-q3-panel-v019-r1/adapter-configs/VALIDATION/2026120707-2026092103.json	06864562a19fbee63caa91d7c678644225ec87bbf86fc7433c8523e8664cb25b
